Timestamp,UV_ADC,UV_V,V_mWcm2,Temp_C,Hum_pct,Lux,Soil_pct
2025-05-10 13:21:03,1470,1.185,1.61,22.9,70.4,-2.0,100
2025-05-10 13:21:12,1458,1.175,1.53,22.8,70.4,-2.0,100
2025-05-10 13:36:07,1474,1.188,1.64,22.8,70.5,-2.0,100
2025-05-10 13:51:02,1420,1.144,1.28,22.1,72.8,-2.0,100
2025-05-10 14:05:56,1440,1.160,1.41,22.5,71.3,-2.0,100
2025-05-10 14:20:51,1395,1.124,1.11,22.6,71.4,-2.0,100
2025-05-10 14:35:46,1376,1.109,0.99,23.2,68.9,-2.0,100
2025-05-10 14:50:39,1353,1.090,0.83,22.8,69.5,-2.0,100
2025-05-10 15:05:34,1334,1.075,0.70,21.9,73.0,-2.0,100
2025-05-10 15:20:28,1253,1.010,0.16,21.9,72.6,-2.0,100
2025-05-10 15:35:22,1297,1.045,0.46,20.9,75.2,-2.0,100
2025-05-10 15:50:16,1272,1.025,0.29,21.5,73.2,-2.0,100
2025-05-10 16:05:11,1248,1.006,0.13,21.2,74.9,-2.0,100
2025-05-10 16:20:05,1221,0.984,0.00,21.4,73.8,-2.0,100
2025-05-10 16:34:59,1179,0.950,0.00,21.5,74.0,-2.0,100
2025-05-10 16:49:53,1145,0.923,0.00,22.0,72.6,-2.0,100
2025-05-10 17:04:46,1112,0.896,0.00,21.2,73.1,-2.0,100
2025-05-10 17:19:39,1092,0.880,0.00,20.2,76.3,-2.0,100
2025-05-10 17:34:31,1089,0.878,0.00,18.8,81.2,-2.0,100
2025-05-10 17:49:23,1071,0.863,0.00,17.9,84.8,-2.0,100
2025-05-10 18:04:16,1065,0.858,0.00,16.6,91.0,-2.0,100
2025-05-10 18:19:10,1068,0.861,0.00,16.2,94.3,-2.0,100
2025-05-10 18:34:03,1056,0.851,0.00,15.9,96.8,-2.0,100
2025-05-10 18:48:57,1067,0.860,0.00,15.8,97.3,-2.0,100
2025-05-10 19:03:52,1070,0.862,0.00,15.7,98.7,-2.0,100
2025-05-10 19:18:46,1067,0.860,0.00,15.7,99.0,-2.0,100
2025-05-10 19:33:40,1069,0.861,0.00,15.7,99.9,-2.0,100
2025-05-10 19:48:33,1065,0.858,0.00,15.4,100.0,-2.0,100
2025-05-10 20:03:27,1070,0.862,0.00,15.4,100.0,-2.0,100
2025-05-10 20:18:21,1052,0.848,0.00,15.6,100.0,-2.0,100
2025-05-10 20:33:15,1073,0.865,0.00,15.3,100.0,-2.0,100
2025-05-10 20:48:09,1071,0.863,0.00,15.2,100.0,-2.0,100
2025-05-10 21:03:03,1061,0.855,0.00,15.4,100.0,-2.0,100
2025-05-10 21:17:57,1051,0.847,0.00,15.6,100.0,-2.0,100
2025-05-10 21:32:51,1062,0.856,0.00,15.7,100.0,-2.0,100
2025-05-10 21:47:44,1070,0.862,0.00,15.9,100.0,-2.0,100
2025-05-10 22:02:39,1071,0.863,0.00,15.5,100.0,-2.0,100
2025-05-10 22:17:33,1073,0.865,0.00,15.7,99.7,-2.0,100
2025-05-10 22:32:27,1051,0.847,0.00,15.6,100.0,-2.0,100
2025-05-10 22:47:21,1067,0.860,0.00,15.7,100.0,-2.0,100
2025-05-10 23:02:16,1067,0.860,0.00,15.8,99.3,-2.0,100
2025-05-10 23:17:10,1066,0.859,0.00,16.5,97.7,-2.0,100
2025-05-10 23:32:05,1069,0.861,0.00,16.8,95.9,-2.0,100
2025-05-10 23:46:59,1069,0.861,0.00,17.5,92.2,-2.0,100
2025-05-11 00:01:53,1069,0.861,0.00,17.2,91.3,-2.0,100
2025-05-11 00:16:47,1086,0.875,0.00,17.1,92.8,-2.0,100
2025-05-11 00:31:41,1068,0.861,0.00,16.0,95.3,-2.0,100
2025-05-11 00:46:35,1050,0.846,0.00,15.8,99.0,-2.0,100
2025-05-11 01:01:29,1064,0.857,0.00,15.9,99.1,-2.0,100
2025-05-11 01:16:23,1073,0.865,0.00,16.0,98.8,-2.0,100
2025-05-11 01:31:17,1072,0.864,0.00,16.1,97.9,-2.0,100
2025-05-11 01:46:11,1061,0.855,0.00,16.0,97.7,-2.0,100
2025-05-11 02:01:05,1065,0.858,0.00,16.3,96.8,-2.0,100
2025-05-11 02:16:00,1071,0.863,0.00,16.2,97.2,-2.0,100
2025-05-11 02:30:54,1074,0.865,0.00,16.0,97.7,-2.0,100
2025-05-11 02:45:48,1067,0.860,0.00,16.1,97.7,-2.0,100
2025-05-11 03:00:42,1071,0.863,0.00,16.2,96.7,-2.0,100
2025-05-11 03:15:36,1064,0.857,0.00,16.4,95.8,-2.0,100
2025-05-11 03:30:30,1070,0.862,0.00,16.4,96.0,-2.0,100
2025-05-11 03:45:24,1070,0.862,0.00,16.4,96.1,-2.0,100
2025-05-11 04:00:18,1074,0.865,0.00,16.2,96.6,-2.0,100
2025-05-11 04:15:13,1064,0.857,0.00,16.5,96.3,-2.0,100
2025-05-11 04:30:07,1075,0.866,0.00,16.6,95.7,-2.0,100
2025-05-11 04:45:01,1068,0.861,0.00,16.7,94.3,-2.0,100
2025-05-11 04:59:55,1063,0.857,0.00,17.0,92.9,-2.0,100
2025-05-11 05:14:49,1070,0.862,0.00,16.8,93.3,-2.0,100
2025-05-11 05:29:43,1068,0.861,0.00,16.3,95.6,-2.0,100
2025-05-11 05:44:38,1071,0.863,0.00,16.4,96.3,-2.0,100
2025-05-11 05:59:32,1078,0.869,0.00,16.4,96.4,-2.0,100
2025-05-11 06:14:27,1071,0.863,0.00,16.3,95.9,-2.0,100
2025-05-11 06:29:21,1075,0.866,0.00,16.3,96.6,-2.0,100
2025-05-11 06:44:15,1089,0.878,0.00,16.2,96.2,-2.0,100
2025-05-11 06:59:09,1106,0.891,0.00,16.4,97.1,-2.0,100
2025-05-11 07:14:04,1097,0.884,0.00,15.6,100.0,-2.0,100
2025-05-11 07:28:58,1110,0.895,0.00,15.9,98.0,-2.0,100
2025-05-11 07:43:52,1131,0.911,0.00,15.8,98.3,-2.0,100
2025-05-11 07:58:47,1124,0.906,0.00,16.3,98.6,-2.0,100
2025-05-11 08:13:44,1132,0.912,0.00,18.0,93.4,-2.0,100
2025-05-11 08:28:40,1135,0.915,0.00,19.7,84.6,-2.0,100
2025-05-11 08:43:35,1134,0.914,0.00,19.7,82.7,-2.0,100
2025-05-11 08:58:30,1150,0.927,0.00,19.4,85.1,-2.0,100
2025-05-11 09:13:25,1157,0.932,0.00,19.7,82.7,-2.0,100
2025-05-11 09:28:19,1168,0.941,0.00,19.6,83.3,-2.0,100
2025-05-11 09:43:13,1183,0.953,0.00,19.9,83.1,-2.0,100
2025-05-11 09:58:09,1203,0.969,0.00,20.8,79.7,-2.0,100
2025-05-11 10:13:05,1236,0.996,0.05,22.5,73.6,-2.0,100
2025-05-11 10:27:59,1257,1.013,0.19,22.7,71.8,-2.0,100
2025-05-11 10:42:54,1306,1.052,0.52,23.2,70.9,-2.0,100
2025-05-11 10:57:49,1300,1.048,0.48,23.2,70.1,-2.0,100
2025-05-11 11:12:43,1315,1.060,0.58,23.8,67.4,-2.0,100
2025-05-11 11:27:38,1362,1.098,0.89,23.8,67.9,-2.0,100
2025-05-11 11:42:33,1360,1.096,0.88,23.4,68.6,-2.0,100
2025-05-11 11:57:27,1371,1.105,0.95,24.5,64.7,-2.0,100
2025-05-11 12:12:23,1332,1.073,0.69,23.7,66.3,-2.0,100
2025-05-11 12:27:17,1374,1.107,0.97,24.7,63.6,-2.0,100
2025-05-11 12:42:11,1399,1.127,1.14,25.0,62.6,-2.0,100
2025-05-11 12:57:06,1428,1.151,1.33,24.4,64.4,-2.0,100
2025-05-11 13:12:01,1410,1.136,1.21,24.7,63.9,-2.0,100
2025-05-11 13:26:56,1473,1.187,1.63,24.4,64.2,-2.0,100
2025-05-11 13:41:49,1417,1.142,1.26,24.6,64.0,-2.0,100
2025-05-11 13:56:44,1329,1.071,0.67,24.2,66.3,-2.0,100
2025-05-11 14:11:39,1269,1.023,0.27,24.0,65.1,-2.0,100
2025-05-11 14:26:31,1221,0.984,0.00,23.4,66.2,-2.0,100
2025-05-11 14:41:24,1197,0.965,0.00,21.8,71.3,-2.0,100
2025-05-11 14:56:17,1184,0.954,0.00,21.0,74.3,-2.0,100
2025-05-11 15:11:11,1176,0.948,0.00,20.6,76.1,-2.0,100
2025-05-11 15:26:05,1290,1.040,0.41,20.1,78.8,-2.0,100
2025-05-11 15:41:01,1334,1.075,0.70,19.7,80.5,-2.0,100
2025-05-11 15:55:57,1322,1.065,0.62,21.1,76.0,-2.0,100
2025-05-11 16:10:52,1288,1.038,0.40,21.7,73.6,-2.0,100
2025-05-11 16:25:47,1246,1.004,0.12,21.4,73.8,-2.0,100
2025-05-11 16:40:40,1177,0.948,0.00,22.6,70.5,-2.0,100
2025-05-11 16:55:34,1138,0.917,0.00,20.8,75.3,-2.0,100
2025-05-11 17:10:28,1102,0.888,0.00,21.0,75.0,-2.0,100
2025-05-11 17:25:19,1081,0.871,0.00,19.7,78.7,-2.0,100
2025-05-11 17:40:11,1074,0.865,0.00,18.0,85.7,-2.0,100
2025-05-11 17:55:05,1066,0.859,0.00,17.5,88.8,-2.0,100
2025-05-11 18:09:58,1065,0.858,0.00,16.9,91.9,-2.0,100
2025-05-11 18:24:52,1068,0.861,0.00,16.7,93.7,-2.0,100
2025-05-11 18:39:46,1059,0.853,0.00,16.5,95.0,-2.0,100
2025-05-11 18:54:40,1069,0.861,0.00,16.3,96.5,-2.0,100
2025-05-11 19:09:34,1067,0.860,0.00,16.2,97.2,-2.0,100
2025-05-11 19:24:28,1067,0.860,0.00,16.0,98.2,-2.0,100
2025-05-11 19:39:22,1063,0.857,0.00,15.9,99.3,-2.0,100
2025-05-11 19:54:16,1066,0.859,0.00,15.9,100.0,-2.0,100
2025-05-11 20:09:10,1070,0.862,0.00,15.9,99.8,-2.0,100
2025-05-11 20:24:04,1063,0.857,0.00,15.9,100.0,-2.0,100
2025-05-11 20:38:58,1064,0.857,0.00,15.9,100.0,-2.0,100
2025-05-11 20:53:52,1072,0.864,0.00,15.6,100.0,-2.0,100
2025-05-11 21:08:46,1071,0.863,0.00,15.7,100.0,-2.0,100
2025-05-11 21:23:40,1067,0.860,0.00,15.6,100.0,-2.0,100
2025-05-11 21:38:34,1071,0.863,0.00,15.4,100.0,-2.0,100
2025-05-11 21:53:29,1068,0.861,0.00,15.4,100.0,-2.0,100
2025-05-11 22:08:23,1069,0.861,0.00,15.4,100.0,-2.0,100
2025-05-11 22:23:17,1070,0.862,0.00,15.5,100.0,-2.0,100
2025-05-11 22:38:11,1070,0.862,0.00,15.4,100.0,-2.0,100
2025-05-11 22:53:05,1070,0.862,0.00,15.5,100.0,-2.0,100
2025-05-11 23:07:59,1072,0.864,0.00,15.4,100.0,-2.0,100
2025-05-11 23:22:54,1072,0.864,0.00,15.5,100.0,-2.0,100
2025-05-11 23:37:47,1069,0.861,0.00,15.4,100.0,-2.0,100
2025-05-11 23:52:40,1092,0.880,0.00,15.4,100.0,-2.0,100
2025-05-12 00:07:33,1070,0.862,0.00,15.7,100.0,-2.0,100
2025-05-12 00:22:27,1073,0.865,0.00,15.9,100.0,-2.0,100
2025-05-12 00:37:21,1069,0.861,0.00,15.9,100.0,-2.0,100
2025-05-12 00:52:15,1053,0.849,0.00,15.8,100.0,-2.0,100
2025-05-12 01:07:09,1065,0.858,0.00,15.6,100.0,-2.0,100
2025-05-12 01:22:03,1070,0.862,0.00,15.1,100.0,-2.0,100
2025-05-12 01:36:58,1081,0.871,0.00,14.8,100.0,-2.0,100
2025-05-12 01:51:52,1070,0.862,0.00,14.8,100.0,-2.0,100
2025-05-12 02:06:46,1079,0.870,0.00,14.6,100.0,-2.0,100
2025-05-12 02:21:40,1070,0.862,0.00,14.6,100.0,-2.0,100
2025-05-12 02:36:35,1070,0.862,0.00,14.6,100.0,-2.0,100
2025-05-12 02:51:28,1069,0.861,0.00,14.7,100.0,-2.0,100
2025-05-12 03:06:22,1073,0.865,0.00,14.5,100.0,-2.0,100
2025-05-12 03:21:15,1071,0.863,0.00,14.8,100.0,-2.0,100
2025-05-12 03:36:10,1071,0.863,0.00,14.7,100.0,-2.0,100
2025-05-12 03:51:04,1066,0.859,0.00,14.9,100.0,-2.0,100
2025-05-12 04:05:58,1073,0.865,0.00,14.5,100.0,-2.0,100
2025-05-12 04:20:52,1067,0.860,0.00,14.6,100.0,-2.0,100
2025-05-12 04:35:46,1068,0.861,0.00,14.8,100.0,-2.0,100
2025-05-12 04:50:40,1070,0.862,0.00,15.1,100.0,-2.0,100
2025-05-12 05:05:34,1063,0.857,0.00,15.3,100.0,-2.0,100
2025-05-12 05:20:29,1071,0.863,0.00,15.6,100.0,-2.0,100
2025-05-12 05:35:22,1069,0.861,0.00,16.2,100.0,-2.0,100
2025-05-12 05:50:16,1071,0.863,0.00,16.4,98.9,-2.0,100
2025-05-12 06:05:10,1071,0.863,0.00,15.4,99.8,-2.0,100
2025-05-12 06:20:04,1081,0.871,0.00,15.4,100.0,-2.0,100
2025-05-12 06:34:58,1090,0.878,0.00,15.5,100.0,-2.0,100
2025-05-12 06:49:53,1090,0.878,0.00,15.5,100.0,-2.0,100
2025-05-12 07:04:48,1096,0.883,0.00,15.8,100.0,-2.0,100
2025-05-12 07:19:43,1111,0.895,0.00,16.5,98.7,-2.0,100
2025-05-12 07:34:37,1118,0.901,0.00,16.6,95.2,-2.0,100
2025-05-12 07:49:31,1124,0.906,0.00,15.8,99.1,-2.0,100
2025-05-12 08:04:27,1129,0.910,0.00,16.0,100.0,-2.0,100
2025-05-12 08:19:21,1132,0.912,0.00,17.1,95.9,-2.0,100
2025-05-12 08:34:17,1141,0.919,0.00,17.6,93.8,-2.0,100
2025-05-12 08:49:12,1150,0.927,0.00,17.8,93.8,-2.0,100
2025-05-12 09:04:07,1160,0.935,0.00,18.5,91.8,-2.0,100
2025-05-12 09:19:02,1165,0.939,0.00,18.6,90.1,-2.0,100
2025-05-12 09:33:57,1178,0.949,0.00,19.5,86.1,-2.0,100
2025-05-12 09:48:51,1202,0.969,0.00,20.4,82.8,-2.0,100
2025-05-12 10:03:46,1214,0.978,0.00,20.1,81.6,-2.0,100
2025-05-12 10:18:41,1235,0.995,0.04,21.0,79.4,-2.0,100
2025-05-12 10:33:35,1255,1.011,0.18,21.3,78.2,-2.0,100
2025-05-12 10:48:29,1287,1.037,0.39,20.6,80.0,-2.0,100
2025-05-12 11:03:23,1210,0.975,0.00,20.0,81.6,-2.0,100
2025-05-12 11:18:17,1236,0.996,0.05,19.7,83.4,-2.0,100
2025-05-12 11:33:11,1248,1.006,0.13,19.4,83.5,-2.0,100
2025-05-12 11:48:05,1260,1.015,0.21,19.2,83.6,-2.0,100
2025-05-12 12:03:01,1307,1.053,0.52,19.4,84.8,-2.0,100
2025-05-12 12:17:56,1376,1.109,0.99,20.2,81.9,-2.0,100
2025-05-12 12:32:51,1423,1.147,1.30,21.1,77.1,-2.0,100
2025-05-12 12:47:46,1413,1.139,1.23,21.1,76.1,-2.0,100
2025-05-12 13:02:41,1473,1.187,1.63,21.3,77.0,-2.0,100
2025-05-12 13:17:35,1487,1.198,1.73,21.9,73.5,-2.0,100
2025-05-12 13:32:30,1529,1.232,2.01,21.8,74.9,-2.0,100
2025-05-12 13:47:24,1481,1.193,1.69,22.4,72.1,-2.0,100
2025-05-12 14:02:19,1456,1.173,1.52,23.0,70.1,-2.0,100
2025-05-12 14:17:13,1409,1.135,1.21,22.7,70.5,-2.0,100
2025-05-12 14:32:08,1382,1.114,1.03,22.5,71.2,-2.0,100
2025-05-12 14:47:02,1365,1.100,0.91,21.5,74.1,-2.0,100
2025-05-12 15:01:57,1331,1.073,0.68,21.6,74.4,-2.0,100
2025-05-12 15:16:52,1297,1.045,0.46,22.4,71.6,-2.0,100
2025-05-12 15:31:46,1314,1.059,0.57,21.6,73.6,-2.0,100
2025-05-12 15:46:40,1292,1.041,0.42,22.0,71.9,-2.0,100
2025-05-12 16:01:34,1268,1.022,0.26,21.6,72.9,-2.0,100
2025-05-12 16:16:28,1234,0.994,0.04,21.3,74.6,-2.0,100
2025-05-12 16:31:22,1188,0.957,0.00,21.2,74.9,-2.0,100
2025-05-12 16:46:16,1149,0.926,0.00,20.8,75.8,-2.0,100
2025-05-12 17:01:09,1127,0.908,0.00,20.5,77.5,-2.0,100
2025-05-12 17:16:02,1100,0.886,0.00,20.5,76.9,-2.0,100
2025-05-12 17:30:54,1079,0.870,0.00,19.1,81.3,-2.0,100
2025-05-12 17:45:46,1074,0.865,0.00,17.5,87.8,-2.0,100
2025-05-12 18:00:40,1072,0.864,0.00,16.7,92.0,-2.0,100
2025-05-12 18:15:33,1065,0.858,0.00,16.2,95.1,-2.0,100
2025-05-12 18:30:27,1061,0.855,0.00,15.9,97.4,-2.0,100
2025-05-12 18:45:21,1070,0.862,0.00,15.9,98.0,-2.0,100
2025-05-12 19:00:15,1067,0.860,0.00,15.7,98.9,-2.0,100
2025-05-12 19:15:09,1070,0.862,0.00,15.6,100.0,-2.0,100
2025-05-12 19:30:03,1068,0.861,0.00,15.8,100.0,-2.0,100
2025-05-12 19:44:57,1055,0.850,0.00,15.7,100.0,-2.0,100
2025-05-12 19:59:52,1068,0.861,0.00,15.7,100.0,-2.0,100
2025-05-12 20:14:45,1070,0.862,0.00,15.6,100.0,-2.0,100
2025-05-12 20:29:39,1054,0.849,0.00,15.5,100.0,-2.0,100
2025-05-12 20:44:34,1062,0.856,0.00,15.6,100.0,-2.0,100
2025-05-12 20:59:28,1068,0.861,0.00,15.6,100.0,-2.0,100
2025-05-12 21:14:22,1068,0.861,0.00,15.6,100.0,-2.0,100
2025-05-12 21:29:17,1069,0.861,0.00,15.5,100.0,-2.0,100
2025-05-12 21:44:11,1071,0.863,0.00,15.6,100.0,-2.0,100
2025-05-12 21:59:05,1066,0.859,0.00,15.5,100.0,-2.0,100
2025-05-12 22:13:59,1065,0.858,0.00,15.7,100.0,-2.0,100
2025-05-12 22:28:52,1065,0.858,0.00,15.6,100.0,-2.0,100
2025-05-12 22:43:46,1060,0.854,0.00,15.5,100.0,-2.0,100
2025-05-12 22:58:40,1071,0.863,0.00,15.5,100.0,-2.0,100
2025-05-12 23:13:34,1065,0.858,0.00,15.4,100.0,-2.0,100
2025-05-12 23:28:29,1067,0.860,0.00,15.4,100.0,-2.0,100
2025-05-12 23:43:22,1074,0.865,0.00,15.4,100.0,-2.0,100
2025-05-12 23:58:17,1071,0.863,0.00,15.3,100.0,-2.0,100
2025-05-13 00:13:10,1071,0.863,0.00,15.3,100.0,-2.0,100
2025-05-13 00:28:05,1072,0.864,0.00,15.3,100.0,-2.0,100
2025-05-13 00:42:59,1073,0.865,0.00,15.3,100.0,-2.0,100
2025-05-13 00:57:53,1068,0.861,0.00,15.2,100.0,-2.0,100
2025-05-13 01:12:47,1064,0.857,0.00,15.3,100.0,-2.0,100
2025-05-13 01:27:42,1059,0.853,0.00,15.3,100.0,-2.0,100
2025-05-13 01:42:36,1066,0.859,0.00,15.3,100.0,-2.0,100
2025-05-13 01:57:30,1071,0.863,0.00,15.2,100.0,-2.0,100
2025-05-13 02:12:24,1066,0.859,0.00,15.2,100.0,-2.0,100
2025-05-13 02:27:18,1073,0.865,0.00,15.1,100.0,-2.0,100
2025-05-13 02:42:13,1070,0.862,0.00,15.1,100.0,-2.0,100
2025-05-13 02:57:06,1064,0.857,0.00,15.1,100.0,-2.0,100
2025-05-13 03:12:00,1068,0.861,0.00,15.1,100.0,-2.0,100
2025-05-13 03:26:54,1071,0.863,0.00,15.1,100.0,-2.0,100
2025-05-13 03:41:48,1070,0.862,0.00,15.1,100.0,-2.0,100
2025-05-13 03:56:43,1069,0.861,0.00,15.0,100.0,-2.0,100
2025-05-13 04:11:37,1072,0.864,0.00,14.9,100.0,-2.0,100
2025-05-13 04:26:32,1072,0.864,0.00,15.0,100.0,-2.0,100
2025-05-13 04:41:26,1061,0.855,0.00,15.0,100.0,-2.0,100
2025-05-13 04:56:20,1071,0.863,0.00,15.0,100.0,-2.0,100
2025-05-13 05:11:14,1063,0.857,0.00,15.1,100.0,-2.0,100
2025-05-13 05:26:08,1066,0.859,0.00,14.9,100.0,-2.0,100
2025-05-13 05:41:03,1045,0.842,0.00,15.0,100.0,-2.0,100
2025-05-13 05:55:57,1063,0.857,0.00,14.9,100.0,-2.0,100
2025-05-13 06:10:51,1073,0.865,0.00,14.9,100.0,-2.0,100
2025-05-13 06:25:46,1074,0.865,0.00,14.9,100.0,-2.0,100
2025-05-13 06:40:39,1078,0.869,0.00,14.8,100.0,-2.0,100
2025-05-13 06:55:33,1066,0.859,0.00,15.0,100.0,-2.0,100
2025-05-13 07:10:27,1082,0.872,0.00,15.0,100.0,-2.0,100
2025-05-13 07:25:21,1091,0.879,0.00,15.0,100.0,-2.0,100
2025-05-13 07:40:14,1090,0.878,0.00,15.1,100.0,-2.0,100
2025-05-13 07:55:09,1100,0.886,0.00,15.0,100.0,-2.0,100
2025-05-13 08:10:03,1099,0.886,0.00,15.1,100.0,-2.0,100
2025-05-13 08:24:58,1107,0.892,0.00,15.1,100.0,-2.0,100
2025-05-13 08:39:52,1113,0.897,0.00,15.2,100.0,-2.0,100
2025-05-13 08:54:46,1111,0.895,0.00,15.4,100.0,-2.0,100
2025-05-13 09:09:39,1107,0.892,0.00,15.1,100.0,-2.0,100
2025-05-13 09:24:34,1133,0.913,0.00,15.2,100.0,-2.0,100
2025-05-13 09:39:29,1134,0.914,0.00,15.6,100.0,-2.0,100
2025-05-13 09:54:23,1137,0.916,0.00,15.8,100.0,-2.0,100
2025-05-13 10:09:17,1137,0.916,0.00,15.4,100.0,-2.0,100
2025-05-13 10:24:11,1140,0.919,0.00,15.6,100.0,-2.0,100
2025-05-13 10:39:06,1143,0.921,0.00,15.9,100.0,-2.0,100
2025-05-13 10:54:00,1146,0.924,0.00,16.0,100.0,-2.0,100
2025-05-13 11:08:55,1146,0.924,0.00,16.0,100.0,-2.0,100
2025-05-13 11:23:49,1149,0.926,0.00,15.9,100.0,-2.0,100
2025-05-13 11:38:43,1146,0.924,0.00,15.8,100.0,-2.0,100
2025-05-13 11:53:37,1132,0.912,0.00,15.7,100.0,-2.0,100
2025-05-13 12:08:32,1156,0.932,0.00,15.9,100.0,-2.0,100
2025-05-13 12:23:25,1146,0.924,0.00,15.8,100.0,-2.0,100
2025-05-13 12:38:20,1159,0.934,0.00,16.0,100.0,-2.0,100
2025-05-13 12:53:15,1168,0.941,0.00,15.9,100.0,-2.0,100
2025-05-13 13:08:09,1170,0.943,0.00,16.3,100.0,-2.0,100
2025-05-13 13:23:04,1186,0.956,0.00,16.8,100.0,-2.0,100
2025-05-13 13:37:58,1200,0.967,0.00,17.2,99.8,-2.0,100
2025-05-13 13:52:53,1268,1.022,0.26,17.8,95.2,-2.0,100
2025-05-13 14:07:49,1481,1.193,1.69,18.4,92.5,-2.0,100
2025-05-13 14:22:44,1412,1.138,1.23,19.5,88.3,-2.0,100
2025-05-13 14:37:40,1389,1.119,1.07,20.1,84.1,-2.0,100
2025-05-13 14:52:35,1364,1.099,0.90,20.7,79.6,-2.0,100
2025-05-13 15:07:29,1277,1.029,0.32,21.0,76.9,-2.0,100
